id,value
0,20.9346676767789675
1,32.3464676578696898
2,48.4575686796796847
3,24.5477814354767923
4,32.3457692354686967
5,20.1354968761356745
6,28.3468689872136468
7,58.3575793262746889
